"Name","SamAccountName","GroupCategory","GroupScope","Description","DistinguishedName"
"Access Control Assistance Operators","Access Control Assistance Operators","Security","DomainLocal","Members of this group can remotely query authorization attributes and permissions for resources on this computer.","CN=Access Control Assistance Operators,CN=Builtin,DC=Corp,DC=local"
"Account Operators","Account Operators","Security","DomainLocal","Members can administer domain user and group accounts","CN=Account Operators,CN=Builtin,DC=Corp,DC=local"
"Accounting Group","Accounting Group","Security","Global",,"CN=Accounting Group,OU=Domain Groups,DC=Corp,DC=local"
"Administrators","Administrators","Security","DomainLocal","Administrators have complete and unrestricted access to the computer/domain","CN=Administrators,CN=Builtin,DC=Corp,DC=local"
"Allowed RODC Password Replication Group","Allowed RODC Password Replication Group","Security","DomainLocal","Members in this group can have their passwords replicated to all read-only domain controllers in the domain","CN=Allowed RODC Password Replication Group,CN=Users,DC=Corp,DC=local"
"Backup Operators","Backup Operators","Security","DomainLocal","Backup Operators can override security restrictions for the sole purpose of backing up or restoring files","CN=Backup Operators,CN=Builtin,DC=Corp,DC=local"
"Cert Publishers","Cert Publishers","Security","DomainLocal","Members of this group are permitted to publish certificates to the directory","CN=Cert Publishers,CN=Users,DC=Corp,DC=local"
"Certificate Service DCOM Access","Certificate Service DCOM Access","Security","DomainLocal","Members of this group are allowed to connect to Certification Authorities in the enterprise","CN=Certificate Service DCOM Access,CN=Builtin,DC=Corp,DC=local"
"Cloneable Domain Controllers","Cloneable Domain Controllers","Security","Global","Members of this group that are domain controllers may be cloned.","CN=Cloneable Domain Controllers,CN=Users,DC=Corp,DC=local"
"Cryptographic Operators","Cryptographic Operators","Security","DomainLocal","Members are authorized to perform cryptographic operations.","CN=Cryptographic Operators,CN=Builtin,DC=Corp,DC=local"
"Customer Relations Group","Customer Relations Group","Security","Global",,"CN=Customer Relations Group,OU=Domain Groups,DC=Corp,DC=local"
"Denied RODC Password Replication Group","Denied RODC Password Replication Group","Security","DomainLocal","Members in this group cannot have their passwords replicated to any read-only domain controllers in the domain","CN=Denied RODC Password Replication Group,CN=Users,DC=Corp,DC=local"
"DHCP Administrators","DHCP Administrators","Security","DomainLocal","Members who have administrative access to the DHCP Service","CN=DHCP Administrators,CN=Users,DC=Corp,DC=local"
"DHCP Users","DHCP Users","Security","DomainLocal","Members who have view-only access to the DHCP service","CN=DHCP Users,CN=Users,DC=Corp,DC=local"
"Distributed COM Users","Distributed COM Users","Security","DomainLocal","Members are allowed to launch, activate and use Distributed COM objects on this machine.","CN=Distributed COM Users,CN=Builtin,DC=Corp,DC=local"
"DnsAdmins","DnsAdmins","Security","DomainLocal","DNS Administrators Group","CN=DnsAdmins,CN=Users,DC=Corp,DC=local"
"DnsUpdateProxy","DnsUpdateProxy","Security","Global","DNS clients who are permitted to perform dynamic updates on behalf of some other clients (such as DHCP servers).","CN=DnsUpdateProxy,CN=Users,DC=Corp,DC=local"
"Domain Admins","Domain Admins","Security","Global","Designated administrators of the domain","CN=Domain Admins,CN=Users,DC=Corp,DC=local"
"Domain Computers","Domain Computers","Security","Global","All workstations and servers joined to the domain","CN=Domain Computers,CN=Users,DC=Corp,DC=local"
"Domain Controllers","Domain Controllers","Security","Global","All domain controllers in the domain","CN=Domain Controllers,CN=Users,DC=Corp,DC=local"
"Domain Guests","Domain Guests","Security","Global","All domain guests","CN=Domain Guests,CN=Users,DC=Corp,DC=local"
"Domain Users","Domain Users","Security","Global","All domain users","CN=Domain Users,CN=Users,DC=Corp,DC=local"
"Engineering Group","Engineering Group","Security","Global",,"CN=Engineering Group,OU=Domain Groups,DC=Corp,DC=local"
"Enterprise Admins","Enterprise Admins","Security","Universal","Designated administrators of the enterprise","CN=Enterprise Admins,CN=Users,DC=Corp,DC=local"
"Enterprise Key Admins","Enterprise Key Admins","Security","Universal","Members of this group can perform administrative actions on key objects within the forest.","CN=Enterprise Key Admins,CN=Users,DC=Corp,DC=local"
"Enterprise Read-only Domain Controllers","Enterprise Read-only Domain Controllers","Security","Universal","Members of this group are Read-Only Domain Controllers in the enterprise","CN=Enterprise Read-only Domain Controllers,CN=Users,DC=Corp,DC=local"
"Event Log Readers","Event Log Readers","Security","DomainLocal","Members of this group can read event logs from local machine","CN=Event Log Readers,CN=Builtin,DC=Corp,DC=local"
"Executives Group","Executives Group","Security","Global",,"CN=Executives Group,OU=Domain Groups,DC=Corp,DC=local"
"External Trust Accounts","External Trust Accounts","Security","Global","All external trust accounts in the domain.","CN=External Trust Accounts,CN=Users,DC=Corp,DC=local"
"Finance Group","Finance Group","Security","Global",,"CN=Finance Group,OU=Domain Groups,DC=Corp,DC=local"
"Forest Trust Accounts","Forest Trust Accounts","Security","Global","All forest trust accounts in the forest.","CN=Forest Trust Accounts,CN=Users,DC=Corp,DC=local"
"Group Policy Creator Owners","Group Policy Creator Owners","Security","Global","Members in this group can modify group policy for the domain","CN=Group Policy Creator Owners,CN=Users,DC=Corp,DC=local"
"Guests","Guests","Security","DomainLocal","Guests have the same access as members of the Users group by default, except for the Guest account which is further restricted","CN=Guests,CN=Builtin,DC=Corp,DC=local"
"HR Group","HR Group","Security","Global",,"CN=HR Group,OU=Domain Groups,DC=Corp,DC=local"
"Hyper-V Administrators","Hyper-V Administrators","Security","DomainLocal","Members of this group have complete and unrestricted access to all features of Hyper-V.","CN=Hyper-V Administrators,CN=Builtin,DC=Corp,DC=local"
"IAM Admins","IAM Admins","Security","Global",,"CN=IAM Admins,OU=Domain Groups,DC=Corp,DC=local"
"IIS_IUSRS","IIS_IUSRS","Security","DomainLocal","Built-in group used by Internet Information Services.","CN=IIS_IUSRS,CN=Builtin,DC=Corp,DC=local"
"Incoming Forest Trust Builders","Incoming Forest Trust Builders","Security","DomainLocal","Members of this group can create incoming, one-way trusts to this forest","CN=Incoming Forest Trust Builders,CN=Builtin,DC=Corp,DC=local"
"IT Group","IT Group","Security","Global",,"CN=IT Group,OU=Domain Groups,DC=Corp,DC=local"
"Key Admins","Key Admins","Security","Global","Members of this group can perform administrative actions on key objects within the domain.","CN=Key Admins,CN=Users,DC=Corp,DC=local"
"Network Configuration Operators","Network Configuration Operators","Security","DomainLocal","Members in this group can have some administrative privileges to manage configuration of networking features","CN=Network Configuration Operators,CN=Builtin,DC=Corp,DC=local"
"OpenSSH Users","OpenSSH Users","Security","DomainLocal","Members of this group may connect to this computer using SSH.","CN=OpenSSH Users,CN=Builtin,DC=Corp,DC=local"
"Performance Log Users","Performance Log Users","Security","DomainLocal","Members of this group may schedule logging of performance counters, enable trace providers, and collect event traces both locally and via remote access to this computer","CN=Performance Log Users,CN=Builtin,DC=Corp,DC=local"
"Performance Monitor Users","Performance Monitor Users","Security","DomainLocal","Members of this group can access performance counter data locally and remotely","CN=Performance Monitor Users,CN=Builtin,DC=Corp,DC=local"
"Pre-Windows 2000 Compatible Access","Pre-Windows 2000 Compatible Access","Security","DomainLocal","A backward compatibility group which allows read access on all users and groups in the domain","CN=Pre-Windows 2000 Compatible Access,CN=Builtin,DC=Corp,DC=local"
"Print Operators","Print Operators","Security","DomainLocal","Members can administer printers installed on domain controllers","CN=Print Operators,CN=Builtin,DC=Corp,DC=local"
"Privileged Security Admins","Privileged Security Admins","Security","Global",,"CN=Privileged Security Admins,OU=Domain Groups,DC=Corp,DC=local"
"Protected Users","Protected Users","Security","Global","Members of this group are afforded additional protections against authentication security threats. See http://go.microsoft.com/fwlink/?LinkId=298939 for more information.","CN=Protected Users,CN=Users,DC=Corp,DC=local"
"RAS and IAS Servers","RAS and IAS Servers","Security","DomainLocal","Servers in this group can access remote access properties of users","CN=RAS and IAS Servers,CN=Users,DC=Corp,DC=local"
"RDS Endpoint Servers","RDS Endpoint Servers","Security","DomainLocal","Servers in this group run virtual machines and host sessions where users RemoteApp programs and personal virtual desktops run. This group needs to be populated on servers running RD Connection Broker. RD Session Host servers and RD Virtualization Host servers used in the deployment need to be in this group.","CN=RDS Endpoint Servers,CN=Builtin,DC=Corp,DC=local"
"RDS Management Servers","RDS Management Servers","Security","DomainLocal","Servers in this group can perform routine administrative actions on servers running Remote Desktop Services. This group needs to be populated on all servers in a Remote Desktop Services deployment. The servers running the RDS Central Management service must be included in this group.","CN=RDS Management Servers,CN=Builtin,DC=Corp,DC=local"
"RDS Remote Access Servers","RDS Remote Access Servers","Security","DomainLocal","Servers in this group enable users of RemoteApp programs and personal virtual desktops access to these resources. In Internet-facing deployments, these servers are typically deployed in an edge network. This group needs to be populated on servers running RD Connection Broker. RD Gateway servers and RD Web Access servers used in the deployment need to be in this group.","CN=RDS Remote Access Servers,CN=Builtin,DC=Corp,DC=local"
"Read-only Domain Controllers","Read-only Domain Controllers","Security","Global","Members of this group are Read-Only Domain Controllers in the domain","CN=Read-only Domain Controllers,CN=Users,DC=Corp,DC=local"
"Remote Access Users","Remote Access Users","Security","Global",,"CN=Remote Access Users,OU=Domain Groups,DC=Corp,DC=local"
"Remote Desktop Users","Remote Desktop Users","Security","DomainLocal","Members in this group are granted the right to logon remotely","CN=Remote Desktop Users,CN=Builtin,DC=Corp,DC=local"
"Remote Management Users","Remote Management Users","Security","DomainLocal","Members of this group can access WMI resources over management protocols (such as WS-Management via the Windows Remote Management service). This applies only to WMI namespaces that grant access to the user.","CN=Remote Management Users,CN=Builtin,DC=Corp,DC=local"
"Replicator","Replicator","Security","DomainLocal","Supports file replication in a domain","CN=Replicator,CN=Builtin,DC=Corp,DC=local"
"Schema Admins","Schema Admins","Security","Universal","Designated administrators of the schema","CN=Schema Admins,CN=Users,DC=Corp,DC=local"
"Security Group","Security Group","Security","Global",,"CN=Security Group,OU=Domain Groups,DC=Corp,DC=local"
"Server Operators","Server Operators","Security","DomainLocal","Members can administer domain servers","CN=Server Operators,CN=Builtin,DC=Corp,DC=local"
"Storage Replica Administrators","Storage Replica Administrators","Security","DomainLocal","Members of this group have complete and unrestricted access to all features of Storage Replica.","CN=Storage Replica Administrators,CN=Builtin,DC=Corp,DC=local"
"Terminal Server License Servers","Terminal Server License Servers","Security","DomainLocal","Members of this group can update user accounts in Active Directory with information about license issuance, for the purpose of tracking and reporting TS Per User CAL usage","CN=Terminal Server License Servers,CN=Builtin,DC=Corp,DC=local"
"Users","Users","Security","DomainLocal","Users are prevented from making accidental or intentional system-wide changes and can run most applications","CN=Users,CN=Builtin,DC=Corp,DC=local"
"VPN Users","VPN Users","Security","Global",,"CN=VPN Users,OU=Domain Groups,DC=Corp,DC=local"
"Windows Authorization Access Group","Windows Authorization Access Group","Security","DomainLocal","Members of this group have access to the computed tokenGroupsGlobalAndUniversal attribute on User objects","CN=Windows Authorization Access Group,CN=Builtin,DC=Corp,DC=local"
